"paper_id","success","error","elapsed_ms","n_labelled","n_unlabelled","n_codebook_vars","n_matched_vars","label_status"
"0956797614557697",TRUE,NA,41,0,5,0,0,"no_codebook"
"0956797615583071",TRUE,NA,27521,0,56,0,0,"no_codebook"
"0956797615620784",TRUE,NA,6351,8,0,11,11,"ok"
"0956797616647519",TRUE,NA,15464,70,71,44,44,"ok"
"0956797616663878",TRUE,NA,5,0,3,0,0,"no_codebook"
"0956797616665351",TRUE,NA,4,0,14,0,0,"no_codebook"
"0956797617692000",TRUE,NA,60863,148,0,140,139,"ok"
"0956797617694867",TRUE,NA,14110,68,1,33,33,"ok"
"0956797617705391",TRUE,NA,1358,0,113,0,0,"no_codebook"
"0956797617724435",TRUE,NA,6,0,10,0,0,"no_codebook"
"0956797617737129",TRUE,NA,43,0,7494,0,0,"no_codebook"
"0956797617739368",TRUE,NA,7,0,264,0,0,"no_codebook"
"0956797618755322",TRUE,NA,810,0,2630,0,0,"no_codebook"
"0956797618760197",TRUE,NA,815,0,23,0,0,"no_codebook"
"0956797619837981",TRUE,NA,39,0,26,0,0,"no_codebook"
"0956797619841265",TRUE,NA,6,0,46,0,0,"no_codebook"
"0956797619866625",TRUE,NA,18,0,23,0,0,"no_codebook"
"0956797619866627",TRUE,NA,19869,142,6,71,71,"ok"
"0956797619890619",TRUE,NA,5192,0,321,0,0,"no_codebook"
"0956797620903716",TRUE,NA,6227,22,168,21,21,"ok"
"0956797620904990",TRUE,NA,24772,36,0,31,25,"ok"
"0956797620927967",TRUE,NA,10,0,57,0,0,"no_codebook"
"0956797620929302",TRUE,NA,878,0,6521,0,0,"no_codebook"
"0956797620931108",TRUE,NA,11127,33,0,24,24,"ok"
"0956797620941840",TRUE,NA,43533,208,9,214,214,"ok"
"0956797620948821",TRUE,NA,41425,82,9,86,77,"ok"
"0956797620955209",TRUE,NA,12,0,943,0,0,"no_codebook"
"0956797620957625",TRUE,NA,5201,31,0,31,31,"ok"
"0956797620958638",TRUE,NA,5363,56,0,10,4,"ok"
"0956797620963615",TRUE,NA,8,0,127,0,0,"no_codebook"
"0956797620967261",TRUE,NA,26428,211,12,107,107,"ok"
"0956797620971298",TRUE,NA,8380,49,276,25,25,"ok"
"0956797620975781",TRUE,NA,7,0,22,0,0,"no_codebook"
"0956797620984464",TRUE,NA,8,0,103,0,0,"no_codebook"
"09567976211005465",TRUE,NA,26312,30,8,36,36,"ok"
"09567976211010718",TRUE,NA,4233,0,473,1,0,"no_match"
"09567976211011969",TRUE,NA,174217,394,401,289,257,"ok"
"09567976211016410",TRUE,NA,13,0,1691,0,0,"no_codebook"
"09567976211018618",TRUE,NA,8,0,427,0,0,"no_codebook"
"09567976211024259",TRUE,NA,12765,15,98,12,6,"ok"
"09567976211024260",TRUE,NA,19100,0,388,27,6,"no_match"
"09567976211024535",TRUE,NA,68931,164,652,79,78,"ok"
"09567976211026983",TRUE,NA,4305,22,16,16,16,"ok"
"09567976211028978",TRUE,NA,5913,7,43,8,7,"ok"
"09567976211032224",TRUE,NA,39715,209,7,67,63,"ok"
"09567976211040491",TRUE,NA,24,0,3415,0,0,"no_codebook"
"09567976211040803",TRUE,NA,11935,48,98,35,31,"ok"
"09567976211052476",TRUE,NA,155840,17,33,460,21,"ok"
"09567976211055375",TRUE,NA,7782,1,14,9,1,"ok"
"09567976211068045",TRUE,NA,2261,0,121,0,0,"no_codebook"
"09567976211068880",TRUE,NA,19128,12,16,24,24,"ok"
"0956797621991137",TRUE,NA,20932,33,0,37,31,"ok"
"0956797621991548",TRUE,NA,8,0,35,0,0,"no_codebook"
"0956797621995202",TRUE,NA,792,0,5788,0,0,"no_codebook"
"0956797621996660",TRUE,NA,10,0,424,0,0,"no_codebook"
"0956797621997366",TRUE,NA,73995,220,20,140,131,"ok"
"09567976221082941",TRUE,NA,12742,0,87724,2,0,"no_match"
"09567976221083219",TRUE,NA,8,0,17,0,0,"no_codebook"
"09567976221094782",TRUE,NA,815,0,82,0,0,"no_codebook"
"09567976221147258",TRUE,NA,4099,0,606,0,0,"no_codebook"
"09567976221147259",TRUE,NA,7,0,105,0,0,"no_codebook"
"09567976231151581",TRUE,NA,7,0,38,0,0,"no_codebook"
"09567976231154804",TRUE,NA,6,0,126,0,0,"no_codebook"
"09567976231156413",TRUE,NA,6,0,106,0,0,"no_codebook"
"09567976231156793",TRUE,NA,13159,10,2,15,15,"ok"
"09567976231158288",TRUE,NA,237782,848,2,822,822,"ok"
"09567976231173900",TRUE,NA,8,0,74,0,0,"no_codebook"
"09567976231173902",TRUE,NA,1243,0,18700,0,0,"no_codebook"
"09567976231177968",TRUE,NA,3553,0,50,0,0,"no_codebook"
"09567976231179378",TRUE,NA,8,0,46,0,0,"no_codebook"
"09567976231180881",TRUE,NA,8,0,78,0,0,"no_codebook"
"09567976231190546",TRUE,NA,4618,0,270,0,0,"no_codebook"
"09567976231192241",TRUE,NA,39406,130,0,54,51,"ok"
"09567976231196145",TRUE,NA,30477,0,128,0,0,"no_codebook"
"09567976231198194",TRUE,NA,55895,24,10,16,6,"ok"
"09567976231199440",TRUE,NA,11,0,622,0,0,"no_codebook"
"09567976231207095",TRUE,NA,1205,0,14497,0,0,"no_codebook"
"09567976231217508",TRUE,NA,2311,0,6547,0,0,"no_codebook"
"09567976231218640",TRUE,NA,6,0,30,0,0,"no_codebook"
"09567976231220902",TRUE,NA,25,0,3849,0,0,"no_codebook"
"09567976231221789",TRUE,NA,6,0,33,0,0,"no_codebook"
"09567976231222288",TRUE,NA,6,0,97,0,0,"no_codebook"
"09567976231222836",TRUE,NA,8,0,492,0,0,"no_codebook"
"09567976231223130",TRUE,NA,910,0,17333,0,0,"no_codebook"
"09567976231223410",TRUE,NA,934,0,9808,0,0,"no_codebook"
"09567976241227411",TRUE,NA,9,0,154,0,0,"no_codebook"
"09567976241228504",TRUE,NA,11,0,529,0,0,"no_codebook"
"09567976241232891",TRUE,NA,28,0,2943,0,0,"no_codebook"
"09567976241239932",TRUE,NA,8,0,137,0,0,"no_codebook"
"09567976241249183",TRUE,NA,28682,105,3415,47,43,"ok"
"09567976241263344",TRUE,NA,16298,20,70,22,6,"ok"
"09567976241266516",TRUE,NA,10,0,90,0,0,"no_codebook"
"09567976241267854",TRUE,NA,17396,114,1,118,102,"ok"
"0956797616661199",TRUE,NA,12371,365,589,116,111,"ok"
"0956797617716929",TRUE,NA,11,0,77,0,0,"no_codebook"
"0956797619844231",TRUE,NA,13,0,299,0,0,"no_codebook"
"0956797620927648",TRUE,NA,7,0,94,0,0,"no_codebook"
"0956797620960011",TRUE,NA,10,0,253,0,0,"no_codebook"
"0956797620965536",TRUE,NA,15,0,794,0,0,"no_codebook"
"09567976211007414",TRUE,NA,5107,70,49,67,55,"ok"
"09567976211019950",TRUE,NA,10751,298,276,90,89,"ok"
"09567976211030630",TRUE,NA,11,0,160,0,0,"no_codebook"
"09567976211049439",TRUE,NA,103,527,606,162,162,"ok"
"09567976211051272",TRUE,NA,9841,0,92,1,0,"no_match"
"0956797621998312",TRUE,NA,9761,33,7,88,37,"ok"
"09567976221094036",TRUE,NA,75982,3,75,37,21,"ok"
"09567976221116893",TRUE,NA,29670,20,1101,28,20,"ok"
"09567976221119391",TRUE,NA,12,0,45,0,0,"no_codebook"
"09567976221131519",TRUE,NA,1029,0,35,0,0,"no_codebook"
"09567976221150616",TRUE,NA,14,0,1007,0,0,"no_codebook"
"09567976231180578",TRUE,NA,11,19,7,19,19,"ok"
"09567976231180588",TRUE,NA,7288,64,0,127,127,"ok"
"09567976231184887",TRUE,NA,8,0,18,0,0,"no_codebook"
"09567976241254312",TRUE,NA,8,0,9,0,0,"no_codebook"
"0956797618772822",TRUE,NA,60,0,86,0,0,"no_codebook"
"09567976211043426",TRUE,NA,1274,0,893,0,0,"no_codebook"
"09567976211061321",TRUE,NA,1512,0,642,0,0,"no_codebook"
"09567976221134476",TRUE,NA,2170,0,905,0,0,"no_codebook"
"09567976231158570",TRUE,NA,7,0,278,0,0,"no_codebook"
"09567976231194590",TRUE,NA,2609,0,1504,0,0,"no_codebook"
"09567976241258149",TRUE,NA,183744,278,2175,199,175,"ok"
"0956797618773095",TRUE,NA,6316,109,930,4,4,"ok"
"0956797614523297",TRUE,NA,29,0,16,0,0,"no_codebook"
"0956797614524581",TRUE,NA,37724,182,577,79,77,"ok"
"0956797614530571",TRUE,NA,6,0,17,0,0,"no_codebook"
"0956797614531439",TRUE,NA,5,0,14,0,0,"no_codebook"
"0956797614533802",TRUE,NA,6,0,64,0,0,"no_codebook"
"0956797614533969",TRUE,NA,6,0,33,0,0,"no_codebook"
"0956797614534695",TRUE,NA,13,0,19,0,0,"no_codebook"
"0956797614535400",TRUE,NA,10,0,189,0,0,"no_codebook"
"0956797614535810",TRUE,NA,6,0,124,0,0,"no_codebook"
"0956797614535937",TRUE,NA,832,0,40,0,0,"no_codebook"
"0956797614536738",TRUE,NA,6,0,20,0,0,"no_codebook"
"0956797614537280",TRUE,NA,5,0,115,0,0,"no_codebook"
"0956797614537833",TRUE,NA,6,0,28,0,0,"no_codebook"
"0956797614542273",TRUE,NA,7,0,246,0,0,"no_codebook"
"0956797614542274",TRUE,NA,6,0,187,0,0,"no_codebook"
"0956797614543022",TRUE,NA,7,0,25,0,0,"no_codebook"
"0956797614543801",TRUE,NA,26571,155,31,73,73,"ok"
"0956797614545131",TRUE,NA,8,0,42,0,0,"no_codebook"
"0956797614545886",TRUE,NA,9,0,186,0,0,"no_codebook"
"0956797614547916",TRUE,NA,13942,0,142,8,0,"no_match"
"0956797614552828",TRUE,NA,7,0,256,0,0,"no_codebook"
"0956797614553009",TRUE,NA,33,0,106,0,0,"no_codebook"
"0956797614553121",TRUE,NA,4488,16,352,5,3,"ok"
"0956797614553944",TRUE,NA,7,0,26,0,0,"no_codebook"
"0956797614554955",TRUE,NA,6,0,105,0,0,"no_codebook"
"0956797614557867",TRUE,NA,1998,0,2037,0,0,"no_codebook"
"0956797614559543",TRUE,NA,24911,0,1,15,9,"no_match"
"0956797614559730",TRUE,NA,21,0,2127,0,0,"no_codebook"
"0956797614561045",TRUE,NA,18117,1,764,12,1,"ok"
"0956797614562453",TRUE,NA,1326,0,21,0,0,"no_codebook"
"0956797614562863",TRUE,NA,8,0,10,0,0,"no_codebook"
"0956797614563765",TRUE,NA,8,0,48,0,0,"no_codebook"
"0956797614563958",TRUE,NA,10,0,629,0,0,"no_codebook"
"0956797614567339",TRUE,NA,1200,0,50,0,0,"no_codebook"
"0956797614567341",TRUE,NA,5,0,64,0,0,"no_codebook"
"0956797614567511",TRUE,NA,4,0,16,0,0,"no_codebook"
"0956797615571018",TRUE,NA,30,0,60,0,0,"no_codebook"
"0956797615572232",TRUE,NA,15522,11,0,11,11,"ok"
"0956797615572806",TRUE,NA,7,0,10,0,0,"no_codebook"
"0956797615572906",TRUE,NA,8,0,171,0,0,"no_codebook"
"0956797615572909",TRUE,NA,9,0,510,0,0,"no_codebook"
"0956797615573516",TRUE,NA,20,0,13,0,0,"no_codebook"
"0956797615575277",TRUE,NA,7,0,167,0,0,"no_codebook"
"0956797615575734",TRUE,NA,5,0,13,0,0,"no_codebook"
"0956797615575743",TRUE,NA,4,0,33,0,0,"no_codebook"
"0956797615576489",TRUE,NA,31454,0,146,0,0,"no_codebook"
"0956797615578122",TRUE,NA,10,0,571,0,0,"no_codebook"
"0956797615583038",TRUE,NA,7279,145,125,92,85,"ok"
"0956797615583978",TRUE,NA,45235,108,14,69,60,"ok"
"0956797615585115",TRUE,NA,8,0,249,0,0,"no_codebook"
"0956797615586560",TRUE,NA,23,0,2416,0,0,"no_codebook"
"0956797615588195",TRUE,NA,12,0,574,0,0,"no_codebook"
"0956797615590992",TRUE,NA,3643,50,0,18,18,"ok"
"0956797615592381",TRUE,NA,10,0,158,0,0,"no_codebook"
"0956797615595607",TRUE,NA,3831,0,8008,0,0,"no_codebook"
"0956797615596713",TRUE,NA,6,0,44,0,0,"no_codebook"
"0956797615597333",TRUE,NA,4055,0,245,0,0,"no_codebook"
"0956797615600890",TRUE,NA,7582,10,0,10,10,"ok"
"0956797615603934",TRUE,NA,4495,0,260,0,0,"no_codebook"
"0956797615604625",TRUE,NA,12,15,0,16,15,"ok"
"0956797615605818",TRUE,NA,7,0,68,0,0,"no_codebook"
"0956797615608267",TRUE,NA,15,0,424,0,0,"no_codebook"
"0956797615609578",TRUE,NA,5,0,27,0,0,"no_codebook"
"0956797615611922",TRUE,NA,6,0,23,0,0,"no_codebook"
"0956797615611933",TRUE,NA,7,0,252,0,0,"no_codebook"
"0956797615612202",TRUE,NA,13,0,97,0,0,"no_codebook"
"0956797615612727",TRUE,NA,5,0,46,0,0,"no_codebook"
"0956797615619200",TRUE,NA,8,0,489,0,0,"no_codebook"
"0956797615624491",TRUE,NA,7,0,43,0,0,"no_codebook"
"0956797616628861",TRUE,NA,6,0,56,0,0,"no_codebook"
"0956797616638841",TRUE,NA,43251,78,6,86,74,"ok"
"0956797616640705",TRUE,NA,10,0,153,0,0,"no_codebook"
"0956797616643071",TRUE,NA,6464,16,111,59,16,"ok"
"0956797616644081",TRUE,NA,1174,0,7,0,0,"no_codebook"
"0956797616645672",TRUE,NA,6,0,8,0,0,"no_codebook"
"0956797616649604",TRUE,NA,7,0,89,0,0,"no_codebook"
"0956797616651973",TRUE,NA,13,0,77,0,0,"no_codebook"
"0956797616658450",TRUE,NA,12,0,93,0,0,"no_codebook"
"0956797616658563",TRUE,NA,6,0,17,0,0,"no_codebook"
"0956797616659938",TRUE,NA,8,0,122,0,0,"no_codebook"
"0956797616662271",TRUE,NA,7,0,139,0,0,"no_codebook"
"0956797616665813",TRUE,NA,5378,8,32,4,4,"ok"
"0956797616666074",TRUE,NA,8,0,99,0,0,"no_codebook"
"0956797616666501",TRUE,NA,13,0,263,0,0,"no_codebook"
"0956797616667721",TRUE,NA,8,0,143,0,0,"no_codebook"
"0956797616669086",TRUE,NA,1051,96,0,48,48,"ok"
"0956797616671557",TRUE,NA,3275,9,2,9,9,"ok"
"0956797616675474",TRUE,NA,9,0,19,0,0,"no_codebook"
"0956797616676600",TRUE,NA,8,0,32,0,0,"no_codebook"
"0956797616678188",TRUE,NA,1170,0,354,0,0,"no_codebook"
"0956797616680396",TRUE,NA,7,0,77,0,0,"no_codebook"
"0956797616684682",TRUE,NA,8,0,33,0,0,"no_codebook"
"0956797616685770",TRUE,NA,15847,5,1857,3,2,"ok"
"0956797616685771",TRUE,NA,16,0,202,0,0,"no_codebook"
"0956797616685869",TRUE,NA,11,0,16,0,0,"no_codebook"
"0956797616686218",TRUE,NA,1947,237,461,58,57,"ok"
"0956797616687124",TRUE,NA,1073,0,60,0,0,"no_codebook"
"0956797616687729",TRUE,NA,9,0,143,0,0,"no_codebook"
"0956797616689092",TRUE,NA,17711,8,3,13,13,"ok"
"0956797617690277",TRUE,NA,1411,0,36,0,0,"no_codebook"
"0956797617691548",TRUE,NA,9517,0,15,0,0,"no_codebook"
"0956797617692041",TRUE,NA,22,0,154,0,0,"no_codebook"
"0956797617692107",TRUE,NA,2179,0,22720,0,0,"no_codebook"
"0956797617694868",TRUE,NA,114023,444,171,152,113,"ok"
"0956797617695099",TRUE,NA,7414,17,21,17,17,"ok"
"0956797617696456",TRUE,NA,19,0,763,0,0,"no_codebook"
"0956797617698133",TRUE,NA,27256,9,71,30,10,"ok"
"0956797617698226",TRUE,NA,10,0,374,0,0,"no_codebook"
"0956797617699838",TRUE,NA,8610,54,16,25,25,"ok"
"0956797617700622",TRUE,NA,7022,72,0,36,36,"ok"
"0956797617703667",TRUE,NA,10,0,118,0,0,"no_codebook"
"0956797617705386",TRUE,NA,19,0,1479,0,0,"no_codebook"
"0956797617705399",TRUE,NA,23,0,333,0,0,"no_codebook"
"0956797617706394",TRUE,NA,11,0,84,0,0,"no_codebook"
"0956797617706706",TRUE,NA,6813,129,47,184,123,"ok"
"0956797617707319",TRUE,NA,10,0,100,0,0,"no_codebook"
"0956797617708234",TRUE,NA,2539,0,2,0,0,"no_codebook"
"0956797617709592",TRUE,NA,8292,66,4,32,31,"ok"
"0956797617711291",TRUE,NA,8,0,221,0,0,"no_codebook"
"0956797617713787",TRUE,NA,18973,20,36,21,20,"ok"
"0956797617713798",TRUE,NA,21,0,223,0,0,"no_codebook"
"0956797617714579",TRUE,NA,14280,45,0,27,27,"ok"
"0956797617718800",TRUE,NA,9,0,13,0,0,"no_codebook"
"0956797617718816",TRUE,NA,8,0,96,0,0,"no_codebook"
"0956797617719084",TRUE,NA,8,0,41,0,0,"no_codebook"
"0956797617719930",TRUE,NA,158234,371,5757,153,103,"ok"
"0956797617719949",TRUE,NA,20915,0,26,23,0,"no_match"
"0956797617720912",TRUE,NA,299293,347,763,332,288,"ok"
"0956797617721270",TRUE,NA,8,0,75,0,0,"no_codebook"
"0956797617721529",TRUE,NA,6030,7,0,7,7,"ok"
"0956797617722551",TRUE,NA,10,0,166,0,0,"no_codebook"
"0956797617722609",TRUE,NA,9,0,81,0,0,"no_codebook"
"0956797617722621",TRUE,NA,105841,328,14,276,220,"ok"
"0956797617723377",TRUE,NA,64278,28,22,47,46,"ok"
"0956797617724426",TRUE,NA,7,0,7,0,0,"no_codebook"
"0956797617727121",TRUE,NA,989,0,111,0,0,"no_codebook"
"0956797617728127",TRUE,NA,8,0,14,0,0,"no_codebook"
"0956797617730595",TRUE,NA,18570,43,64,43,43,"ok"
"0956797617730892",TRUE,NA,24351,0,36,0,0,"no_codebook"
"0956797617731367",TRUE,NA,10,0,59,0,0,"no_codebook"
"0956797617731637",TRUE,NA,44174,58,39,60,58,"ok"
"0956797617733803",TRUE,NA,6802,98,0,196,82,"ok"
"0956797617733829",TRUE,NA,11,0,1138,0,0,"no_codebook"
"0956797617733830",TRUE,NA,6,0,8,0,0,"no_codebook"
"0956797617734315",TRUE,NA,9,0,372,0,0,"no_codebook"
"0956797617734827",TRUE,NA,7,0,22,0,0,"no_codebook"
"0956797617735533",TRUE,NA,7,0,42,0,0,"no_codebook"
"0956797617735745",TRUE,NA,22079,0,26,18,2,"no_match"
"0956797617736386",TRUE,NA,8,0,65,0,0,"no_codebook"
"0956797617736887",TRUE,NA,1227,0,48,0,0,"no_codebook"
"0956797617737128",TRUE,NA,15,0,500,0,0,"no_codebook"
"0956797617738814",TRUE,NA,10,0,158,0,0,"no_codebook"
"0956797617739704",TRUE,NA,8,0,92,0,0,"no_codebook"
"0956797617740646",TRUE,NA,13,0,236,0,0,"no_codebook"
"0956797617741718",TRUE,NA,3000,20,0,19,17,"ok"
"0956797617743017",TRUE,NA,10,0,245,0,0,"no_codebook"
"0956797617744282",TRUE,NA,16589,22,1,23,22,"ok"
"0956797617744517",TRUE,NA,2876,62,103,45,30,"ok"
"0956797617746749",TRUE,NA,10,0,13,0,0,"no_codebook"
"0956797617747090",TRUE,NA,9,0,124,0,0,"no_codebook"
"0956797617747648",TRUE,NA,92208,139,290,180,129,"ok"
"0956797617748419",TRUE,NA,21,0,3146,0,0,"no_codebook"
"0956797617748959",TRUE,NA,62,0,9248,0,0,"no_codebook"
"0956797617749534",TRUE,NA,8,0,76,0,0,"no_codebook"
"0956797617752640",TRUE,NA,7,0,132,0,0,"no_codebook"
"0956797617753393",TRUE,NA,6,0,33,0,0,"no_codebook"
"0956797617753562",TRUE,NA,23325,28,66,29,28,"ok"
"0956797617753606",TRUE,NA,8,0,281,0,0,"no_codebook"
